Emirate,Plate Code,Plate Number,Driver ID,Start,End,Type,Contract No
Abu Dhabi,5,33211,EMP-118,2026-06-13 08:00,2026-07-04 08:00,SHIFT,
Dubai,D,57393,EMP-110,2026-06-13 08:00,2026-07-06 08:00,SHIFT,SH-8898
Dubai,S,87283,EMP-116,2026-06-13 08:00,2026-07-13 08:00,ALLOCATION,
Dubai,AA,14608,CUS-5010,2026-06-13 12:00,2026-07-03 15:00,RENTAL_CONTRACT,RA-24292
Dubai,G,19078,CUS-5008,2026-06-13 14:00,2026-06-29 14:00,RENTAL_CONTRACT,RA-24259
Dubai,B,11425,EMP-111,2026-06-14 08:00,2026-06-28 08:00,ALLOCATION,
Dubai,G,36369,EMP-112,2026-06-14 08:00,2026-07-03 08:00,ALLOCATION,
Dubai,A,14625,EMP-101,2026-06-14 08:00,2026-06-27 08:00,ALLOCATION,
Dubai,H,63661,EMP-105,2026-06-14 08:00,2026-07-01 08:00,SHIFT,
Dubai,R,64955,CUS-5004,2026-06-14 10:00,2026-07-04 09:00,RENTAL_CONTRACT,RA-24235
Dubai,CC,90117,CUS-5007,2026-06-14 11:00,2026-06-19 12:00,RENTAL_CONTRACT,RA-24331
Abu Dhabi,14,22868,CUS-5002,2026-06-14 14:00,2026-06-23 14:00,RENTAL_CONTRACT,RA-24274
Dubai,S,37630,CUS-5012,2026-06-14 15:00,2026-06-28 12:00,RENTAL_CONTRACT,RA-24210
Dubai,P,90960,EMP-108,2026-06-15 08:00,2026-07-19 08:00,ALLOCATION,SH-9116
Dubai,AA,52508,EMP-106,2026-06-15 08:00,2026-06-28 08:00,SHIFT,
Abu Dhabi,11,61476,CUS-5008,2026-06-15 16:00,2026-07-01 16:00,RENTAL_CONTRACT,RA-24139
Dubai,T,91429,EMP-116,2026-06-16 08:00,2026-07-18 08:00,ALLOCATION,
Dubai,BB,35042,CUS-5012,2026-06-16 09:00,2026-06-20 09:00,RENTAL_CONTRACT,RA-24100
Dubai,L,82812,CUS-5007,2026-06-16 10:00,2026-07-03 13:00,RENTAL_CONTRACT,RA-24172
Dubai,D,99416,CUS-5005,2026-06-16 15:00,2026-07-06 14:00,RENTAL_CONTRACT,RA-24227
Sharjah,3,45560,EMP-112,2026-06-17 08:00,2026-07-09 08:00,ALLOCATION,
Dubai,M,83970,EMP-103,2026-06-17 08:00,2026-06-29 08:00,ALLOCATION,
Abu Dhabi,12,21561,EMP-103,2026-06-17 08:00,2026-07-01 08:00,ALLOCATION,
Dubai,K,21825,EMP-105,2026-06-18 08:00,2026-07-03 08:00,ALLOCATION,SH-2864
Dubai,P,89819,EMP-107,2026-06-18 08:00,2026-08-07 08:00,ALLOCATION,
Abu Dhabi,6,13366,CUS-5009,2026-06-18 15:00,2026-07-07 14:00,RENTAL_CONTRACT,RA-24148
Dubai,G,34793,CUS-5001,2026-06-18 18:00,2026-06-24 15:00,RENTAL_CONTRACT,RA-24118
Dubai,C,25375,CUS-5009,2026-06-18 18:00,2026-06-23 15:00,RENTAL_CONTRACT,RA-24165
Dubai,BB,28808,CUS-5007,2026-06-19 08:00,2026-06-30 10:00,RENTAL_CONTRACT,RA-24267
Dubai,F,15560,CUS-5009,2026-06-19 10:00,2026-06-27 09:00,RENTAL_CONTRACT,RA-24203
Dubai,R,72377,CUS-5007,2026-06-19 12:00,2026-06-26 11:00,RENTAL_CONTRACT,RA-24323
Dubai,CC,90117,CUS-5010,2026-06-19 12:00,2026-06-26 15:00,RENTAL_CONTRACT,RA-24332
Dubai,N,50346,EMP-116,2026-06-20 08:00,2026-07-15 08:00,ALLOCATION,SH-6307
Abu Dhabi,7,44006,CUS-5007,2026-06-20 15:00,2026-06-25 18:00,RENTAL_CONTRACT,RA-24157
Dubai,F,68112,CUS-5012,2026-06-20 15:00,2026-07-08 15:00,RENTAL_CONTRACT,RA-24316
Abu Dhabi,7,34275,EMP-115,2026-06-21 08:00,2026-07-16 08:00,ALLOCATION,
Dubai,G,50478,CUS-5007,2026-06-21 11:00,2026-06-26 13:00,RENTAL_CONTRACT,RA-24306
Dubai,BB,48802,CUS-5001,2026-06-21 12:00,2026-07-07 15:00,RENTAL_CONTRACT,RA-24245
Dubai,BB,35042,CUS-5005,2026-06-21 16:00,2026-06-27 16:00,RENTAL_CONTRACT,RA-24101
Abu Dhabi,14,91350,CUS-5010,2026-06-21 16:00,2026-06-23 16:00,RENTAL_CONTRACT,RA-24109
Sharjah,3,49707,CUS-5009,2026-06-21 17:00,2026-06-26 15:00,RENTAL_CONTRACT,RA-24192
Dubai,A,76368,CUS-5004,2026-06-21 18:00,2026-06-25 16:00,RENTAL_CONTRACT,RA-24343
Dubai,N,92450,EMP-102,2026-06-22 08:00,2026-07-24 08:00,ALLOCATION,
Dubai,D,14272,EMP-112,2026-06-22 08:00,2026-07-07 08:00,ALLOCATION,
Dubai,R,72972,EMP-116,2026-06-22 08:00,2026-07-17 08:00,SHIFT,SH-1309
Sharjah,1,86895,CUS-5009,2026-06-22 08:00,2026-06-24 06:00,RENTAL_CONTRACT,RA-24128
Sharjah,3,21632,CUS-5007,2026-06-22 09:00,2026-07-07 12:00,RENTAL_CONTRACT,RA-24299
Ajman,C,67989,CUS-5003,2026-06-22 10:00,2026-06-26 09:00,RENTAL_CONTRACT,RA-24218
Dubai,T,21698,CUS-5002,2026-06-22 16:00,2026-07-04 13:00,RENTAL_CONTRACT,RA-24284
Dubai,C,68919,CUS-5005,2026-06-22 17:00,2026-07-03 20:00,RENTAL_CONTRACT,RA-24252
Ajman,D,6300,EMP-110,2026-06-23 08:00,2026-07-18 08:00,ALLOCATION,
Abu Dhabi,14,22868,CUS-5002,2026-06-23 14:00,2026-07-07 11:00,RENTAL_CONTRACT,RA-24275
Dubai,C,25375,CUS-5007,2026-06-23 15:00,2026-07-13 18:00,RENTAL_CONTRACT,RA-24166
Dubai,M,12441,CUS-5012,2026-06-23 17:00,2026-07-03 14:00,RENTAL_CONTRACT,RA-24184
Dubai,A,76368,CUS-5009,2026-06-25 16:00,2026-07-09 14:00,RENTAL_CONTRACT,RA-24344
Abu Dhabi,14,91350,CUS-5002,2026-06-26 01:00,2026-06-29 01:00,RENTAL_CONTRACT,RA-24110
Dubai,G,34793,CUS-5008,2026-06-26 03:00,2026-07-13 05:00,RENTAL_CONTRACT,RA-24119
Sharjah,1,86895,CUS-5010,2026-06-26 06:00,2026-07-01 05:00,RENTAL_CONTRACT,RA-24129
Ajman,C,67989,CUS-5005,2026-06-26 09:00,2026-06-30 12:00,RENTAL_CONTRACT,RA-24219
Dubai,R,72377,CUS-5002,2026-06-26 11:00,2026-07-08 08:00,RENTAL_CONTRACT,RA-24324
Abu Dhabi,7,44006,CUS-5002,2026-06-26 13:00,2026-07-14 13:00,RENTAL_CONTRACT,RA-24158
Dubai,G,50478,CUS-5001,2026-06-26 13:00,2026-07-16 12:00,RENTAL_CONTRACT,RA-24307
Dubai,CC,90117,CUS-5005,2026-06-26 15:00,2026-07-09 18:00,RENTAL_CONTRACT,RA-24333
Dubai,A,14625,EMP-103,2026-06-27 08:00,2026-07-10 08:00,SHIFT,
Dubai,B,11425,EMP-112,2026-06-28 08:00,2026-07-29 08:00,ALLOCATION,
Dubai,AA,52508,EMP-115,2026-06-28 08:00,2026-07-25 08:00,ALLOCATION,
Sharjah,3,49707,CUS-5008,2026-06-28 08:00,2026-07-01 09:00,RENTAL_CONTRACT,RA-24193
Dubai,S,37630,CUS-5003,2026-06-28 12:00,2026-07-01 10:00,RENTAL_CONTRACT,RA-24211
Abu Dhabi,14,91350,CUS-5007,2026-06-29 01:00,2026-07-15 23:00,RENTAL_CONTRACT,RA-24111
Dubai,M,83970,EMP-117,2026-06-29 08:00,2026-08-01 08:00,ALLOCATION,
Dubai,F,15560,CUS-5001,2026-06-29 22:00,2026-07-17 20:00,RENTAL_CONTRACT,RA-24204
Sharjah,3,49707,CUS-5012,2026-06-30 08:00,2026-07-02 09:00,RENTAL_CONTRACT,RA-24356
Dubai,BB,35042,CUS-5006,2026-06-30 09:00,2026-07-10 06:00,RENTAL_CONTRACT,RA-24102
Dubai,G,19078,CUS-5001,2026-06-30 13:00,2026-07-10 12:00,RENTAL_CONTRACT,RA-24260
Sharjah,1,86895,CUS-5012,2026-07-01 05:00,2026-07-06 05:00,RENTAL_CONTRACT,RA-24130
Dubai,H,63661,EMP-109,2026-07-01 08:00,2026-08-02 08:00,SHIFT,
Sharjah,3,49707,CUS-5002,2026-07-02 05:00,2026-07-15 07:00,RENTAL_CONTRACT,RA-24194
Dubai,G,36369,EMP-108,2026-07-03 08:00,2026-07-28 08:00,SHIFT,SH-7390
Dubai,C,68919,CUS-5006,2026-07-03 20:00,2026-07-19 17:00,RENTAL_CONTRACT,RA-24253
Ajman,C,67989,CUS-5011,2026-07-04 01:00,2026-07-14 03:00,RENTAL_CONTRACT,RA-24220
Dubai,AA,14608,CUS-5010,2026-07-04 03:00,2026-07-15 01:00,RENTAL_CONTRACT,RA-24293
Abu Dhabi,5,33211,EMP-105,2026-07-04 08:00,2026-08-08 08:00,ALLOCATION,SH-9511
Dubai,R,64955,CUS-5006,2026-07-04 09:00,2026-07-07 12:00,RENTAL_CONTRACT,RA-24236
Dubai,BB,28808,CUS-5009,2026-07-04 16:00,2026-07-16 19:00,RENTAL_CONTRACT,RA-24268
Dubai,L,82812,CUS-5012,2026-07-05 03:00,2026-07-08 05:00,RENTAL_CONTRACT,RA-24173
Abu Dhabi,12,21561,EMP-114,2026-07-05 08:00,2026-07-13 08:00,ALLOCATION,SH-6576
Dubai,T,21698,CUS-5008,2026-07-05 16:00,2026-07-14 16:00,RENTAL_CONTRACT,RA-24285
Dubai,S,37630,CUS-5001,2026-07-05 17:00,2026-07-11 14:00,RENTAL_CONTRACT,RA-24212
Abu Dhabi,11,61476,CUS-5006,2026-07-06 03:00,2026-07-11 05:00,RENTAL_CONTRACT,RA-24140
Dubai,K,21825,EMP-105,2026-07-06 08:00,2026-07-17 08:00,SHIFT,
Dubai,D,57393,EMP-118,2026-07-06 08:00,2026-07-21 08:00,ALLOCATION,SH-3740
Sharjah,1,86895,CUS-5007,2026-07-06 16:00,2026-07-09 19:00,RENTAL_CONTRACT,RA-24131
Dubai,M,12441,CUS-5006,2026-07-07 01:00,2026-07-22 02:00,RENTAL_CONTRACT,RA-24185
Dubai,D,14272,EMP-116,2026-07-07 08:00,2026-07-28 08:00,ALLOCATION,
Dubai,D,99416,CUS-5002,2026-07-07 09:00,2026-07-24 07:00,RENTAL_CONTRACT,RA-24228
Abu Dhabi,14,22868,CUS-5002,2026-07-07 11:00,2026-07-11 09:00,RENTAL_CONTRACT,RA-24276
Dubai,R,64955,CUS-5003,2026-07-07 12:00,2026-07-22 12:00,RENTAL_CONTRACT,RA-24237
Dubai,L,82812,CUS-5007,2026-07-08 05:00,2026-07-23 06:00,RENTAL_CONTRACT,RA-24174
Dubai,R,72377,CUS-5005,2026-07-08 08:00,2026-07-15 06:00,RENTAL_CONTRACT,RA-24325
Dubai,BB,48802,CUS-5002,2026-07-08 11:00,2026-07-11 12:00,RENTAL_CONTRACT,RA-24246
Dubai,F,68112,CUS-5010,2026-07-08 15:00,2026-07-17 13:00,RENTAL_CONTRACT,RA-24317
Dubai,R,64955,CUS-5010,2026-07-09 12:00,2026-07-23 12:00,RENTAL_CONTRACT,RA-24355
Abu Dhabi,6,13366,CUS-5002,2026-07-09 21:00,2026-07-11 20:00,RENTAL_CONTRACT,RA-24149
Sharjah,3,45560,EMP-117,2026-07-10 08:00,2026-07-19 08:00,SHIFT,SH-5715
Dubai,A,14625,EMP-102,2026-07-10 08:00,2026-08-04 08:00,ALLOCATION,
Sharjah,3,21632,CUS-5009,2026-07-10 11:00,2026-07-12 12:00,RENTAL_CONTRACT,RA-24300
Dubai,BB,35042,CUS-5003,2026-07-11 01:00,2026-07-12 23:00,RENTAL_CONTRACT,RA-24103
Dubai,BB,48802,CUS-5006,2026-07-11 16:00,2026-07-26 16:00,RENTAL_CONTRACT,RA-24247
Abu Dhabi,14,22868,CUS-5011,2026-07-11 17:00,2026-07-29 16:00,RENTAL_CONTRACT,RA-24277
Sharjah,1,86895,CUS-5002,2026-07-12 05:00,2026-07-21 04:00,RENTAL_CONTRACT,RA-24132
Dubai,A,76368,CUS-5009,2026-07-12 07:00,2026-07-17 09:00,RENTAL_CONTRACT,RA-24345
Dubai,CC,90117,CUS-5010,2026-07-12 08:00,2026-07-24 10:00,RENTAL_CONTRACT,RA-24334
Dubai,G,34793,CUS-5008,2026-07-13 05:00,2026-08-01 04:00,RENTAL_CONTRACT,RA-24120
Abu Dhabi,12,21561,EMP-116,2026-07-13 08:00,2026-07-25 08:00,SHIFT,
Dubai,S,87283,EMP-101,2026-07-13 08:00,2026-08-05 08:00,ALLOCATION,SH-7653
Dubai,C,25375,CUS-5003,2026-07-13 18:00,2026-08-01 20:00,RENTAL_CONTRACT,RA-24167
Ajman,C,67989,CUS-5011,2026-07-14 03:00,2026-08-02 06:00,RENTAL_CONTRACT,RA-24221
Dubai,T,21698,CUS-5004,2026-07-14 16:00,2026-07-21 14:00,RENTAL_CONTRACT,RA-24286
Dubai,N,50346,EMP-114,2026-07-15 08:00,2026-08-05 08:00,ALLOCATION,
Dubai,S,37630,CUS-5005,2026-07-15 08:00,2026-08-02 11:00,RENTAL_CONTRACT,RA-24213
Dubai,G,19078,CUS-5010,2026-07-15 09:00,2026-07-17 07:00,RENTAL_CONTRACT,RA-24261
Sharjah,3,49707,CUS-5008,2026-07-15 16:00,2026-07-24 15:00,RENTAL_CONTRACT,RA-24195
Abu Dhabi,6,13366,CUS-5004,2026-07-15 19:00,2026-07-31 19:00,RENTAL_CONTRACT,RA-24150
Abu Dhabi,11,61476,CUS-5003,2026-07-16 02:00,2026-08-01 02:00,RENTAL_CONTRACT,RA-24141
Dubai,R,72377,CUS-5004,2026-07-16 06:00,2026-07-25 05:00,RENTAL_CONTRACT,RA-24326
Abu Dhabi,7,34275,EMP-111,2026-07-16 08:00,2026-08-18 08:00,ALLOCATION,
Dubai,AA,14608,CUS-5008,2026-07-16 14:00,2026-08-02 13:00,RENTAL_CONTRACT,RA-24294
Dubai,G,50478,CUS-5001,2026-07-17 02:00,2026-07-26 00:00,RENTAL_CONTRACT,RA-24308
Dubai,BB,28808,CUS-5007,2026-07-17 06:00,2026-07-23 07:00,RENTAL_CONTRACT,RA-24269
Dubai,G,19078,CUS-5005,2026-07-17 07:00,2026-08-05 09:00,RENTAL_CONTRACT,RA-24262
Sharjah,3,21632,CUS-5002,2026-07-17 09:00,2026-08-05 10:00,RENTAL_CONTRACT,RA-24301
Dubai,BB,35042,CUS-5005,2026-07-17 14:00,2026-08-04 15:00,RENTAL_CONTRACT,RA-24104
Abu Dhabi,7,44006,CUS-5002,2026-07-17 21:00,2026-07-20 18:00,RENTAL_CONTRACT,RA-24159
Ajman,D,6300,EMP-116,2026-07-18 08:00,2026-07-26 08:00,ALLOCATION,
Dubai,R,72972,EMP-117,2026-07-18 08:00,2026-08-21 08:00,ALLOCATION,
Dubai,P,90960,EMP-101,2026-07-19 08:00,2026-07-31 08:00,ALLOCATION,SH-5810
Dubai,C,68919,CUS-5001,2026-07-19 17:00,2026-08-05 17:00,RENTAL_CONTRACT,RA-24254
Abu Dhabi,14,91350,CUS-5010,2026-07-19 20:00,2026-07-31 20:00,RENTAL_CONTRACT,RA-24112
Dubai,T,91429,EMP-108,2026-07-20 08:00,2026-08-14 08:00,SHIFT,
Dubai,K,21825,EMP-109,2026-07-20 08:00,2026-08-11 08:00,ALLOCATION,
Dubai,D,57393,EMP-117,2026-07-21 08:00,2026-08-03 08:00,ALLOCATION,
Dubai,F,68112,CUS-5010,2026-07-21 08:00,2026-08-04 05:00,RENTAL_CONTRACT,RA-24318
Dubai,M,12441,CUS-5003,2026-07-22 02:00,2026-07-29 04:00,RENTAL_CONTRACT,RA-24186
Sharjah,3,45560,EMP-101,2026-07-22 08:00,2026-08-16 08:00,ALLOCATION,
Dubai,F,15560,CUS-5010,2026-07-22 09:00,2026-08-03 10:00,RENTAL_CONTRACT,RA-24205
Dubai,A,76368,CUS-5004,2026-07-22 09:00,2026-08-09 06:00,RENTAL_CONTRACT,RA-24346
Dubai,T,21698,CUS-5011,2026-07-23 23:00,2026-08-09 01:00,RENTAL_CONTRACT,RA-24287
Dubai,L,82812,CUS-5008,2026-07-24 02:00,2026-08-07 01:00,RENTAL_CONTRACT,RA-24175
Abu Dhabi,7,44006,CUS-5003,2026-07-24 07:00,2026-08-02 09:00,RENTAL_CONTRACT,RA-24160
Dubai,D,99416,CUS-5007,2026-07-24 07:00,2026-07-31 06:00,RENTAL_CONTRACT,RA-24229
Dubai,N,92450,EMP-109,2026-07-24 08:00,2026-07-31 08:00,SHIFT,
Sharjah,1,86895,CUS-5012,2026-07-24 14:00,2026-07-29 17:00,RENTAL_CONTRACT,RA-24133
Dubai,CC,90117,CUS-5010,2026-07-24 23:00,2026-07-27 01:00,RENTAL_CONTRACT,RA-24335
Sharjah,3,49707,CUS-5009,2026-07-25 02:00,2026-08-05 01:00,RENTAL_CONTRACT,RA-24196
Abu Dhabi,12,21561,EMP-101,2026-07-25 08:00,2026-08-13 08:00,ALLOCATION,SH-4445
Dubai,AA,52508,EMP-105,2026-07-25 08:00,2026-08-08 08:00,ALLOCATION,SH-9637
Dubai,R,64955,CUS-5011,2026-07-25 14:00,2026-07-30 16:00,RENTAL_CONTRACT,RA-24238
Dubai,BB,28808,CUS-5003,2026-07-25 17:00,2026-08-12 17:00,RENTAL_CONTRACT,RA-24270
Dubai,R,72377,CUS-5006,2026-07-25 20:00,2026-08-11 18:00,RENTAL_CONTRACT,RA-24327
Ajman,D,6300,EMP-105,2026-07-26 08:00,2026-08-25 08:00,ALLOCATION,SH-9448
Dubai,R,72377,CUS-5004,2026-07-27 20:00,2026-08-12 18:00,RENTAL_CONTRACT,RA-24353
Dubai,G,36369,EMP-101,2026-07-28 08:00,2026-08-13 08:00,SHIFT,
Dubai,D,14272,EMP-104,2026-07-28 08:00,2026-08-14 08:00,SHIFT,
Dubai,B,11425,EMP-104,2026-07-29 08:00,2026-09-02 08:00,ALLOCATION,SH-6796
Abu Dhabi,14,22868,CUS-5006,2026-07-29 16:00,2026-07-31 16:00,RENTAL_CONTRACT,RA-24278
Dubai,G,50478,CUS-5011,2026-07-30 00:00,2026-08-02 03:00,RENTAL_CONTRACT,RA-24309
Dubai,CC,90117,CUS-5010,2026-07-30 03:00,2026-08-04 01:00,RENTAL_CONTRACT,RA-24336
Dubai,P,90960,EMP-118,2026-07-31 08:00,2026-08-24 08:00,ALLOCATION,
Dubai,N,92450,EMP-112,2026-07-31 08:00,2026-08-13 08:00,ALLOCATION,
Dubai,BB,48802,CUS-5003,2026-07-31 14:00,2026-08-16 14:00,RENTAL_CONTRACT,RA-24248
Sharjah,1,86895,CUS-5003,2026-07-31 23:00,2026-08-08 00:00,RENTAL_CONTRACT,RA-24134
Dubai,M,83970,EMP-118,2026-08-01 08:00,2026-08-27 08:00,ALLOCATION,
Dubai,D,99416,CUS-5004,2026-08-01 12:00,2026-08-07 11:00,RENTAL_CONTRACT,RA-24230
Dubai,C,25375,CUS-5002,2026-08-01 20:00,2026-08-20 19:00,RENTAL_CONTRACT,RA-24168
Dubai,M,12441,CUS-5011,2026-08-01 20:00,2026-08-15 18:00,RENTAL_CONTRACT,RA-24187
Abu Dhabi,14,22868,CUS-5003,2026-08-01 22:00,2026-08-20 01:00,RENTAL_CONTRACT,RA-24279
Abu Dhabi,11,61476,CUS-5007,2026-08-02 00:00,2026-08-20 03:00,RENTAL_CONTRACT,RA-24142
Ajman,C,67989,CUS-5006,2026-08-02 06:00,2026-08-13 05:00,RENTAL_CONTRACT,RA-24222
Dubai,H,63661,EMP-117,2026-08-02 08:00,2026-08-16 08:00,ALLOCATION,
Dubai,R,64955,CUS-5002,2026-08-02 13:00,2026-08-12 11:00,RENTAL_CONTRACT,RA-24239
Dubai,G,50478,CUS-5011,2026-08-02 16:00,2026-08-04 15:00,RENTAL_CONTRACT,RA-24310
Abu Dhabi,14,91350,CUS-5012,2026-08-02 21:00,2026-08-08 22:00,RENTAL_CONTRACT,RA-24113
Abu Dhabi,7,44006,CUS-5004,2026-08-03 02:00,2026-08-20 01:00,RENTAL_CONTRACT,RA-24161
Dubai,D,57393,EMP-104,2026-08-03 08:00,2026-08-31 08:00,ALLOCATION,
Dubai,G,34793,CUS-5011,2026-08-03 16:00,2026-08-20 18:00,RENTAL_CONTRACT,RA-24121
Abu Dhabi,6,13366,CUS-5012,2026-08-03 17:00,2026-08-19 15:00,RENTAL_CONTRACT,RA-24151
Dubai,A,14625,EMP-116,2026-08-04 08:00,2026-08-11 08:00,SHIFT,
Dubai,N,50346,EMP-108,2026-08-05 08:00,2026-08-18 08:00,SHIFT,SH-1435
Dubai,S,87283,EMP-104,2026-08-05 08:00,2026-08-31 08:00,ALLOCATION,SH-1186
Dubai,G,19078,CUS-5012,2026-08-05 09:00,2026-08-25 08:00,RENTAL_CONTRACT,RA-24263
Dubai,BB,35042,CUS-5009,2026-08-05 20:00,2026-08-24 18:00,RENTAL_CONTRACT,RA-24105
Dubai,AA,14608,CUS-5008,2026-08-06 04:00,2026-08-25 06:00,RENTAL_CONTRACT,RA-24295
Dubai,F,15560,CUS-5004,2026-08-06 22:00,2026-08-16 21:00,RENTAL_CONTRACT,RA-24206
Dubai,L,82812,CUS-5006,2026-08-07 01:00,2026-08-09 22:00,RENTAL_CONTRACT,RA-24176
Dubai,S,37630,CUS-5010,2026-08-07 06:00,2026-08-21 04:00,RENTAL_CONTRACT,RA-24214
Dubai,F,68112,CUS-5002,2026-08-07 12:00,2026-08-26 09:00,RENTAL_CONTRACT,RA-24319
Dubai,G,50478,CUS-5009,2026-08-07 16:00,2026-08-15 17:00,RENTAL_CONTRACT,RA-24311
Dubai,CC,90117,CUS-5006,2026-08-07 16:00,2026-08-11 15:00,RENTAL_CONTRACT,RA-24337
Sharjah,1,86895,CUS-5005,2026-08-08 00:00,2026-08-22 03:00,RENTAL_CONTRACT,RA-24135
Dubai,C,68919,CUS-5010,2026-08-08 04:00,2026-08-14 01:00,RENTAL_CONTRACT,RA-24255
Abu Dhabi,5,33211,EMP-108,2026-08-08 08:00,2026-08-29 08:00,SHIFT,SH-9498
Dubai,L,82812,CUS-5008,2026-08-09 01:00,2026-08-10 22:00,RENTAL_CONTRACT,RA-24357
Dubai,D,99416,CUS-5003,2026-08-09 10:00,2026-08-14 08:00,RENTAL_CONTRACT,RA-24231
Sharjah,3,21632,CUS-5010,2026-08-09 12:00,2026-08-18 09:00,RENTAL_CONTRACT,RA-24302
Dubai,L,82812,CUS-5002,2026-08-09 22:00,2026-08-18 00:00,RENTAL_CONTRACT,RA-24177
Sharjah,3,49707,CUS-5007,2026-08-10 00:00,2026-08-23 02:00,RENTAL_CONTRACT,RA-24197
Dubai,A,14625,EMP-105,2026-08-11 08:00,2026-08-20 08:00,ALLOCATION,
Dubai,K,21825,EMP-115,2026-08-11 08:00,2026-08-26 08:00,ALLOCATION,
Dubai,AA,52508,EMP-107,2026-08-11 08:00,2026-09-10 08:00,ALLOCATION,
Dubai,CC,90117,CUS-5005,2026-08-11 15:00,2026-08-13 17:00,RENTAL_CONTRACT,RA-24338
Dubai,R,72377,CUS-5006,2026-08-11 18:00,2026-08-18 19:00,RENTAL_CONTRACT,RA-24328
Dubai,A,76368,CUS-5006,2026-08-11 22:00,2026-08-16 19:00,RENTAL_CONTRACT,RA-24347
Sharjah,3,49707,CUS-5001,2026-08-12 00:00,2026-08-24 02:00,RENTAL_CONTRACT,RA-24354
Dubai,T,21698,CUS-5003,2026-08-12 06:00,2026-08-17 07:00,RENTAL_CONTRACT,RA-24288
Abu Dhabi,14,91350,CUS-5003,2026-08-12 20:00,2026-08-29 21:00,RENTAL_CONTRACT,RA-24114
Dubai,R,64955,CUS-5001,2026-08-13 00:00,2026-08-26 00:00,RENTAL_CONTRACT,RA-24240
Dubai,G,36369,EMP-109,2026-08-13 08:00,2026-08-21 08:00,ALLOCATION,SH-7375
Abu Dhabi,12,21561,EMP-101,2026-08-13 08:00,2026-08-31 08:00,ALLOCATION,
Dubai,N,92450,EMP-104,2026-08-13 08:00,2026-09-17 08:00,SHIFT,
Dubai,BB,28808,CUS-5008,2026-08-13 19:00,2026-09-02 16:00,RENTAL_CONTRACT,RA-24271
Dubai,CC,90117,CUS-5007,2026-08-14 03:00,2026-08-28 02:00,RENTAL_CONTRACT,RA-24339
Dubai,T,91429,EMP-117,2026-08-14 08:00,2026-09-02 08:00,ALLOCATION,SH-5469
Dubai,D,14272,EMP-118,2026-08-14 08:00,2026-08-29 08:00,ALLOCATION,
Ajman,C,67989,CUS-5005,2026-08-15 20:00,2026-08-22 21:00,RENTAL_CONTRACT,RA-24223
Dubai,D,99416,CUS-5006,2026-08-15 23:00,2026-09-04 21:00,RENTAL_CONTRACT,RA-24232
Sharjah,3,45560,EMP-114,2026-08-16 08:00,2026-08-28 08:00,ALLOCATION,SH-6635
Dubai,H,63661,EMP-117,2026-08-16 08:00,2026-09-06 08:00,ALLOCATION,
Dubai,T,21698,CUS-5008,2026-08-17 07:00,2026-09-03 06:00,RENTAL_CONTRACT,RA-24289
Dubai,F,15560,CUS-5001,2026-08-17 14:00,2026-08-26 16:00,RENTAL_CONTRACT,RA-24207
Dubai,C,68919,CUS-5010,2026-08-17 14:00,2026-09-06 13:00,RENTAL_CONTRACT,RA-24256
Dubai,L,82812,CUS-5001,2026-08-18 07:00,2026-08-22 10:00,RENTAL_CONTRACT,RA-24178
Abu Dhabi,7,34275,EMP-102,2026-08-18 08:00,2026-09-01 08:00,ALLOCATION,SH-2167
Dubai,A,76368,CUS-5011,2026-08-19 17:00,2026-09-08 14:00,RENTAL_CONTRACT,RA-24348
Dubai,M,12441,CUS-5011,2026-08-19 21:00,2026-09-04 19:00,RENTAL_CONTRACT,RA-24188
Dubai,G,50478,CUS-5004,2026-08-19 22:00,2026-08-28 23:00,RENTAL_CONTRACT,RA-24312
Abu Dhabi,6,13366,CUS-5007,2026-08-20 00:00,2026-08-28 03:00,RENTAL_CONTRACT,RA-24152
Abu Dhabi,14,22868,CUS-5012,2026-08-20 01:00,2026-08-30 22:00,RENTAL_CONTRACT,RA-24280
Dubai,N,50346,EMP-110,2026-08-20 08:00,2026-09-18 08:00,ALLOCATION,
Dubai,A,14625,EMP-101,2026-08-20 08:00,2026-09-01 08:00,ALLOCATION,SH-9335
Dubai,BB,48802,CUS-5007,2026-08-20 15:00,2026-08-29 16:00,RENTAL_CONTRACT,RA-24249
Sharjah,3,21632,CUS-5002,2026-08-20 21:00,2026-08-26 22:00,RENTAL_CONTRACT,RA-24303
Dubai,S,37630,CUS-5004,2026-08-21 04:00,2026-09-02 04:00,RENTAL_CONTRACT,RA-24215
Dubai,G,36369,EMP-112,2026-08-21 08:00,2026-09-05 08:00,ALLOCATION,
Dubai,R,72972,EMP-105,2026-08-21 08:00,2026-09-11 08:00,SHIFT,
Abu Dhabi,11,61476,CUS-5007,2026-08-21 14:00,2026-08-26 16:00,RENTAL_CONTRACT,RA-24143
Dubai,G,34793,CUS-5003,2026-08-21 19:00,2026-08-24 19:00,RENTAL_CONTRACT,RA-24122
Dubai,R,72377,CUS-5003,2026-08-21 19:00,2026-09-08 16:00,RENTAL_CONTRACT,RA-24329
Abu Dhabi,7,44006,CUS-5008,2026-08-22 10:00,2026-08-30 07:00,RENTAL_CONTRACT,RA-24162
Dubai,C,25375,CUS-5012,2026-08-22 20:00,2026-08-30 18:00,RENTAL_CONTRACT,RA-24169
Sharjah,1,86895,CUS-5005,2026-08-23 03:00,2026-09-11 02:00,RENTAL_CONTRACT,RA-24136
Ajman,C,67989,CUS-5006,2026-08-23 16:00,2026-08-26 14:00,RENTAL_CONTRACT,RA-24224
Dubai,L,82812,CUS-5007,2026-08-23 18:00,2026-08-29 16:00,RENTAL_CONTRACT,RA-24179
Dubai,P,90960,EMP-116,2026-08-24 08:00,2026-09-26 08:00,SHIFT,SH-9281
Dubai,G,19078,CUS-5008,2026-08-25 08:00,2026-09-02 06:00,RENTAL_CONTRACT,RA-24264
Sharjah,3,49707,CUS-5011,2026-08-26 07:00,2026-08-30 10:00,RENTAL_CONTRACT,RA-24198
Ajman,D,6300,EMP-111,2026-08-26 08:00,2026-09-19 08:00,ALLOCATION,
Dubai,K,21825,EMP-107,2026-08-26 08:00,2026-09-15 08:00,ALLOCATION,
Ajman,C,67989,CUS-5003,2026-08-26 14:00,2026-09-15 13:00,RENTAL_CONTRACT,RA-24225
Abu Dhabi,11,61476,CUS-5002,2026-08-26 16:00,2026-08-30 16:00,RENTAL_CONTRACT,RA-24144
Sharjah,3,21632,CUS-5005,2026-08-26 22:00,2026-09-10 23:00,RENTAL_CONTRACT,RA-24304
Dubai,M,83970,EMP-110,2026-08-27 08:00,,ALLOCATION,SH-2356
Dubai,BB,35042,CUS-5008,2026-08-27 10:00,2026-09-09 09:00,RENTAL_CONTRACT,RA-24106
Dubai,G,34793,CUS-5008,2026-08-27 15:00,2026-09-09 18:00,RENTAL_CONTRACT,RA-24123
Dubai,R,64955,CUS-5002,2026-08-27 16:00,2026-08-31 19:00,RENTAL_CONTRACT,RA-24241
Dubai,CC,90117,CUS-5011,2026-08-28 02:00,2026-09-08 00:00,RENTAL_CONTRACT,RA-24340
Abu Dhabi,6,13366,CUS-5012,2026-08-28 03:00,2026-08-30 05:00,RENTAL_CONTRACT,RA-24153
Sharjah,3,45560,EMP-111,2026-08-28 08:00,,ALLOCATION,
Dubai,AA,14608,CUS-5009,2026-08-28 15:00,2026-09-02 16:00,RENTAL_CONTRACT,RA-24296
Abu Dhabi,5,33211,EMP-110,2026-08-29 08:00,2026-09-14 08:00,ALLOCATION,
Dubai,D,14272,EMP-115,2026-08-29 08:00,2026-09-12 08:00,SHIFT,
Dubai,F,68112,CUS-5001,2026-08-29 16:00,2026-09-03 16:00,RENTAL_CONTRACT,RA-24320
Abu Dhabi,14,91350,CUS-5009,2026-08-29 21:00,2026-09-03 00:00,RENTAL_CONTRACT,RA-24115
Dubai,F,15560,CUS-5002,2026-08-30 02:00,2026-09-08 02:00,RENTAL_CONTRACT,RA-24208
Sharjah,3,49707,CUS-5006,2026-08-30 10:00,2026-09-08 13:00,RENTAL_CONTRACT,RA-24199
Abu Dhabi,14,22868,CUS-5007,2026-08-30 22:00,2026-09-06 23:00,RENTAL_CONTRACT,RA-24281
Dubai,C,25375,CUS-5004,2026-08-31 02:00,2026-09-18 01:00,RENTAL_CONTRACT,RA-24170
Dubai,BB,48802,CUS-5012,2026-08-31 03:00,2026-09-11 06:00,RENTAL_CONTRACT,RA-24250
Abu Dhabi,6,13366,CUS-5003,2026-08-31 06:00,2026-09-07 05:00,RENTAL_CONTRACT,RA-24154
Abu Dhabi,12,21561,EMP-104,2026-08-31 08:00,2026-09-10 08:00,ALLOCATION,
Dubai,D,57393,EMP-109,2026-08-31 08:00,2026-09-17 08:00,ALLOCATION,
Dubai,R,64955,CUS-5010,2026-08-31 19:00,2026-09-04 17:00,RENTAL_CONTRACT,RA-24242
Dubai,A,14625,EMP-118,2026-09-01 08:00,,ALLOCATION,SH-4242
Abu Dhabi,7,34275,EMP-105,2026-09-01 08:00,2026-09-12 08:00,SHIFT,
Dubai,S,87283,EMP-118,2026-09-01 08:00,,ALLOCATION,
Dubai,G,50478,CUS-5012,2026-09-01 10:00,2026-09-20 11:00,RENTAL_CONTRACT,RA-24313
Abu Dhabi,14,22868,CUS-5001,2026-09-01 22:00,2026-09-07 23:00,RENTAL_CONTRACT,RA-24352
Dubai,G,19078,CUS-5007,2026-09-02 06:00,2026-09-20 06:00,RENTAL_CONTRACT,RA-24265
Dubai,B,11425,EMP-111,2026-09-02 08:00,2026-09-21 08:00,ALLOCATION,
Dubai,T,91429,EMP-109,2026-09-02 08:00,2026-09-16 08:00,ALLOCATION,
Abu Dhabi,7,44006,CUS-5004,2026-09-02 22:00,2026-09-17 19:00,RENTAL_CONTRACT,RA-24163
Dubai,AA,14608,CUS-5008,2026-09-03 07:00,2026-09-10 08:00,RENTAL_CONTRACT,RA-24297
Dubai,S,37630,CUS-5009,2026-09-03 14:00,2026-09-12 12:00,RENTAL_CONTRACT,RA-24216
Dubai,L,82812,CUS-5005,2026-09-03 15:00,2026-09-17 16:00,RENTAL_CONTRACT,RA-24180
Abu Dhabi,11,61476,CUS-5006,2026-09-04 12:00,2026-09-16 11:00,RENTAL_CONTRACT,RA-24145
Dubai,R,64955,CUS-5012,2026-09-04 17:00,2026-09-18 20:00,RENTAL_CONTRACT,RA-24243
Dubai,M,12441,CUS-5011,2026-09-05 02:00,2026-09-10 03:00,RENTAL_CONTRACT,RA-24189
Dubai,G,36369,EMP-115,2026-09-05 08:00,2026-09-25 08:00,SHIFT,SH-4111
Abu Dhabi,14,91350,CUS-5011,2026-09-05 20:00,2026-09-12 21:00,RENTAL_CONTRACT,RA-24116
Dubai,BB,28808,CUS-5004,2026-09-06 04:00,2026-09-25 04:00,RENTAL_CONTRACT,RA-24272
Dubai,H,63661,EMP-116,2026-09-06 08:00,2026-09-15 08:00,ALLOCATION,
Dubai,F,68112,CUS-5001,2026-09-06 12:00,2026-09-21 10:00,RENTAL_CONTRACT,RA-24321
Dubai,C,68919,CUS-5012,2026-09-06 13:00,2026-09-22 10:00,RENTAL_CONTRACT,RA-24257
Abu Dhabi,6,13366,CUS-5005,2026-09-07 05:00,2026-09-27 02:00,RENTAL_CONTRACT,RA-24155
Dubai,T,21698,CUS-5012,2026-09-08 03:00,2026-09-23 00:00,RENTAL_CONTRACT,RA-24290
Dubai,D,99416,CUS-5011,2026-09-08 08:00,2026-09-22 07:00,RENTAL_CONTRACT,RA-24233
Dubai,CC,90117,CUS-5006,2026-09-08 17:00,2026-09-24 16:00,RENTAL_CONTRACT,RA-24341
Dubai,A,76368,CUS-5004,2026-09-09 13:00,2026-09-18 12:00,RENTAL_CONTRACT,RA-24349
Dubai,F,15560,CUS-5004,2026-09-09 19:00,,RENTAL_CONTRACT,RA-24209
Dubai,M,12441,CUS-5008,2026-09-10 03:00,2026-09-22 02:00,RENTAL_CONTRACT,RA-24190
Abu Dhabi,12,21561,EMP-116,2026-09-10 08:00,,SHIFT,
Dubai,AA,52508,EMP-104,2026-09-10 08:00,2026-09-22 08:00,ALLOCATION,
Dubai,BB,35042,CUS-5005,2026-09-10 18:00,2026-09-21 16:00,RENTAL_CONTRACT,RA-24107
Sharjah,3,49707,CUS-5005,2026-09-10 22:00,2026-09-17 22:00,RENTAL_CONTRACT,RA-24200
Sharjah,3,21632,CUS-5008,2026-09-10 23:00,,RENTAL_CONTRACT,RA-24305
Dubai,G,34793,CUS-5001,2026-09-11 07:00,2026-09-16 04:00,RENTAL_CONTRACT,RA-24124
Dubai,R,72972,EMP-118,2026-09-11 08:00,,ALLOCATION,SH-9053
Abu Dhabi,14,22868,CUS-5001,2026-09-11 22:00,2026-09-19 22:00,RENTAL_CONTRACT,RA-24282
Dubai,R,72377,CUS-5009,2026-09-12 07:00,,RENTAL_CONTRACT,RA-24330
Abu Dhabi,7,34275,EMP-113,2026-09-12 08:00,,ALLOCATION,
Dubai,D,14272,EMP-118,2026-09-12 08:00,,ALLOCATION,
Sharjah,1,86895,CUS-5010,2026-09-13 00:00,2026-09-24 03:00,RENTAL_CONTRACT,RA-24137
Dubai,AA,14608,CUS-5005,2026-09-13 21:00,,RENTAL_CONTRACT,RA-24298
Dubai,BB,48802,CUS-5002,2026-09-14 00:00,,RENTAL_CONTRACT,RA-24251
Abu Dhabi,14,91350,CUS-5009,2026-09-15 01:00,,RENTAL_CONTRACT,RA-24117
Dubai,K,21825,EMP-108,2026-09-15 08:00,,SHIFT,
Dubai,H,63661,EMP-116,2026-09-15 08:00,2026-09-25 08:00,ALLOCATION,
Dubai,S,37630,CUS-5008,2026-09-15 22:00,,RENTAL_CONTRACT,RA-24217
Ajman,C,67989,CUS-5002,2026-09-15 22:00,,RENTAL_CONTRACT,RA-24226
Dubai,T,91429,EMP-118,2026-09-16 08:00,,SHIFT,
Dubai,G,34793,CUS-5004,2026-09-16 15:00,2026-09-18 12:00,RENTAL_CONTRACT,RA-24125
Abu Dhabi,5,33211,EMP-112,2026-09-17 08:00,,ALLOCATION,
Dubai,D,57393,EMP-113,2026-09-17 08:00,,ALLOCATION,
Dubai,N,92450,EMP-102,2026-09-17 08:00,,SHIFT,SH-8259
Abu Dhabi,11,61476,CUS-5002,2026-09-17 20:00,2026-09-24 19:00,RENTAL_CONTRACT,RA-24146
Dubai,N,50346,EMP-108,2026-09-18 08:00,,ALLOCATION,
Ajman,D,6300,EMP-108,2026-09-19 08:00,,ALLOCATION,SH-6602
Sharjah,3,49707,CUS-5007,2026-09-19 10:00,2026-09-26 12:00,RENTAL_CONTRACT,RA-24201
Dubai,R,64955,CUS-5007,2026-09-20 01:00,,RENTAL_CONTRACT,RA-24244
Dubai,L,82812,CUS-5012,2026-09-20 02:00,2026-09-23 03:00,RENTAL_CONTRACT,RA-24181
Abu Dhabi,14,22868,CUS-5008,2026-09-20 03:00,,RENTAL_CONTRACT,RA-24283
Dubai,G,50478,CUS-5012,2026-09-20 11:00,2026-09-22 12:00,RENTAL_CONTRACT,RA-24314
Dubai,G,34793,CUS-5012,2026-09-20 20:00,2026-09-23 22:00,RENTAL_CONTRACT,RA-24126
Dubai,B,11425,EMP-118,2026-09-21 08:00,,SHIFT,
Abu Dhabi,7,44006,CUS-5008,2026-09-21 08:00,2026-09-24 11:00,RENTAL_CONTRACT,RA-24164
Dubai,A,76368,CUS-5005,2026-09-21 17:00,2026-09-26 20:00,RENTAL_CONTRACT,RA-24350
Dubai,M,12441,CUS-5002,2026-09-22 02:00,,RENTAL_CONTRACT,RA-24191
Dubai,D,99416,CUS-5009,2026-09-22 07:00,,RENTAL_CONTRACT,RA-24234
Dubai,AA,52508,EMP-102,2026-09-22 08:00,,SHIFT,
Dubai,C,68919,CUS-5007,2026-09-22 10:00,2026-09-26 12:00,RENTAL_CONTRACT,RA-24258
Dubai,BB,35042,CUS-5003,2026-09-22 11:00,,RENTAL_CONTRACT,RA-24108
Dubai,G,50478,CUS-5012,2026-09-22 12:00,,RENTAL_CONTRACT,RA-24315
Dubai,C,25375,CUS-5003,2026-09-22 18:00,,RENTAL_CONTRACT,RA-24171
Dubai,L,82812,CUS-5010,2026-09-23 03:00,2026-09-25 06:00,RENTAL_CONTRACT,RA-24182
Dubai,G,19078,CUS-5009,2026-09-23 13:00,,RENTAL_CONTRACT,RA-24266
Dubai,F,68112,CUS-5001,2026-09-24 05:00,,RENTAL_CONTRACT,RA-24322
Sharjah,1,86895,CUS-5010,2026-09-24 12:00,,RENTAL_CONTRACT,RA-24138
Dubai,CC,90117,CUS-5001,2026-09-25 01:00,,RENTAL_CONTRACT,RA-24342
Dubai,BB,28808,CUS-5003,2026-09-25 04:00,,RENTAL_CONTRACT,RA-24273
Dubai,L,82812,CUS-5009,2026-09-25 06:00,,RENTAL_CONTRACT,RA-24183
Dubai,G,36369,EMP-118,2026-09-25 08:00,,ALLOCATION,SH-6952
Dubai,H,63661,EMP-107,2026-09-25 08:00,,ALLOCATION,SH-3590
Abu Dhabi,11,61476,CUS-5003,2026-09-25 14:00,,RENTAL_CONTRACT,RA-24147
Dubai,T,21698,CUS-5007,2026-09-25 22:00,,RENTAL_CONTRACT,RA-24291
Dubai,P,90960,EMP-110,2026-09-26 08:00,,ALLOCATION,
Dubai,G,34793,CUS-5012,2026-09-26 09:00,,RENTAL_CONTRACT,RA-24127
Sharjah,3,49707,CUS-5009,2026-09-26 12:00,,RENTAL_CONTRACT,RA-24202
Dubai,A,76368,CUS-5011,2026-09-26 20:00,,RENTAL_CONTRACT,RA-24351
Abu Dhabi,6,13366,CUS-5003,2026-09-27 02:00,,RENTAL_CONTRACT,RA-24156
