Transaction No,Transaction Date,Plate Details,Gate Name,Amount
DRB4020493,27-07-2026 17:42,Dubai CC 90117,Sheikh Zayed Bridge,4.00
DRB4020982,28-07-2026 18:27,Dubai P 90960,Sheikh Khalifa Bridge,4.00
DRB4021056,17-07-2026 07:25,Dubai 48802,Mussafah Bridge,4.00
DRB4021068,25-08-2026 08:38,Dubai C 25375,Mussafah Bridge,4.00
DRB4021493,25-08-2026 17:23,Sharjah 3 49707,Sheikh Khalifa Bridge,4.00
DRB4021727,22-08-2026 07:28,Dubai G 19078,Sheikh Zayed Bridge,4.00
DRB4021756,09-09-2026 17:18,Abu Dhabi 12 21561,Sheikh Zayed Bridge,4.00
DRB4022031,07-07-2026 18:17,Dubai AA 14608,Mussafah Bridge,4.00
DRB4022284,28-07-2026 07:48,Dubai G 36369,Sheikh Zayed Bridge,4.00
DRB4022479,15-07-2026 08:15,Ajman C 67989,Mussafah Bridge,4.00
DRB4022912,17-08-2026 18:12,Dubai 91429,Sheikh Zayed Bridge,4.00
DRB4023140,16-07-2026 08:29,Dubai A 76368,Sheikh Zayed Bridge,4.00
DRB4023390,09-09-2026 08:22,Abu Dhabi 14 91350,Sheikh Zayed Bridge,4.00
DRB4023593,10-07-2026 18:32,Sharjah 3 21632,Al Maqta Bridge,4.00
DRB4024001,09-07-2026 18:48,Dubai BB 48802,Mussafah Bridge,4.00
DRB4024324,02-07-2026 18:59,Dubai AA 14608,Mussafah Bridge,4.00
DRB4024582,02-09-2026 08:25,Dubai D 14272,Sheikh Khalifa Bridge,4.00
DRB4024807,16-07-2026 07:05,Dubai G 19078,Al Maqta Bridge,4.00
DRB4025262,24-09-2026 18:18,Dubai CC 90117,Sheikh Khalifa Bridge,4.00
DRB4025321,29-06-2026 17:46,Dubai 83970,Mussafah Bridge,4.00
DRB4025426,20-07-2026 17:15,Ajman D 6300,Al Maqta Bridge,4.00
DRB4025743,15-07-2026 08:53,Dubai 76368,Mussafah Bridge,4.00
DRB4026238,24-09-2026 17:10,Dubai L 82812,Sheikh Zayed Bridge,4.00
DRB4026248,07-07-2026 07:24,Dubai G 19078,Sheikh Zayed Bridge,4.00
DRB4026464,18-07-2026 18:55,Dubai R 72377,Sheikh Zayed Bridge,4.00
DRB4026641,26-09-2026 08:17,Dubai M 12441,Sheikh Khalifa Bridge,4.00
DRB4027051,30-07-2026 08:29,Dubai 57393,Sheikh Zayed Bridge,4.00
DRB4027277,24-09-2026 17:11,Dubai 99416,Sheikh Khalifa Bridge,4.00
DRB4027597,24-09-2026 07:43,Abu Dhabi 7 44006,Al Maqta Bridge,4.00
DRB4027766,21-07-2026 17:42,Abu Dhabi 14 91350,Sheikh Khalifa Bridge,4.00
DRB4027776,25-08-2026 17:56,Sharjah 3 49707,Sheikh Zayed Bridge,4.00
DRB4027840,17-09-2026 17:34,Dubai S 37630,Sheikh Khalifa Bridge,4.00
DRB4028281,21-08-2026 07:43,Abu Dhabi 5 33211,Mussafah Bridge,4.00
DRB4028766,30-06-2026 08:42,Dubai F 68112,Al Maqta Bridge,4.00
DRB4029151,16-09-2026 08:13,Abu Dhabi 7 44006,Al Maqta Bridge,4.00
DRB4029397,10-07-2026 18:14,Dubai F 15560,Sheikh Zayed Bridge,4.00
DRB4029673,01-07-2026 07:10,Dubai 25375,Al Maqta Bridge,4.00
DRB4029973,10-08-2026 07:50,Abu Dhabi 11 61476,Mussafah Bridge,4.00
DRB4030430,21-09-2026 07:18,Dubai BB 35042,Sheikh Khalifa Bridge,4.00
DRB4030815,05-09-2026 07:31,Abu Dhabi 7 34275,Al Maqta Bridge,4.00
DRB4030873,04-09-2026 17:07,Dubai P 90960,Sheikh Zayed Bridge,4.00
DRB4031334,30-06-2026 07:02,Abu Dhabi 12 21561,Al Maqta Bridge,4.00
DRB4031363,19-08-2026 08:29,Dubai A 14625,Al Maqta Bridge,4.00
DRB4031499,28-08-2026 17:32,Dubai G 36369,Sheikh Khalifa Bridge,4.00
DRB4031901,29-07-2026 08:38,Dubai K 21825,Sheikh Khalifa Bridge,4.00
DRB4032099,11-09-2026 17:51,Dubai D 14272,Sheikh Khalifa Bridge,4.00
DRB4032520,17-08-2026 08:47,Dubai A 14625,Mussafah Bridge,4.00
DRB4033020,28-07-2026 18:28,Sharjah 1 86895,Al Maqta Bridge,4.00
DRB4033037,26-09-2026 17:28,Abu Dhabi 7 34275,Mussafah Bridge,4.00
DRB4033167,06-07-2026 08:33,Dubai T 91429,Mussafah Bridge,4.00
DRB4033305,02-07-2026 18:38,Dubai S 87283,Mussafah Bridge,4.00
DRB4033349,11-08-2026 08:12,Dubai G 50478,Mussafah Bridge,4.00
DRB4033752,04-08-2026 18:12,Dubai R 72377,Sheikh Zayed Bridge,4.00
DRB4034007,04-07-2026 07:22,Dubai S 87283,Sheikh Khalifa Bridge,4.00
