Fine Number,Fine Date,Fine Time,Plate Source,Plate Code,Plate Number,Violation,Location,Amount,Black Points,Authority
55107104,28/08/2026,20:47,Dubai,D,57393,Exceeding the maximum speed limit by not more than 20 km/h,Emirates Road,300,0,Dubai Police / RTA
55111998,14/09/2026,09:49,Dubai,C,68919,Sudden swerving,Abu Dhabi-Al Ain Road,1000,4,Abu Dhabi Police
55113470,17/07/2026,08:48,Dubai,R,72972,Using mobile phone while driving,Abu Dhabi-Al Ain Road,800,4,Abu Dhabi Police
55117113,29/08/2026,13:05,Dubai,P,90960,Exceeding the maximum speed limit by not more than 20 km/h,Sheikh Mohammed Bin Zayed Road,300,0,Dubai Police / RTA
55132443,15/09/2026,23:55,Abu Dhabi,7,34275,Driving on hard shoulder,Sheikh Khalifa Bin Zayed Street,1000,6,Abu Dhabi Police
55152438,01/07/2026,06:03,Dubai,P,89819,Exceeding the maximum speed limit by not more than 20 km/h,Abu Dhabi-Al Ain Road,300,0,Abu Dhabi Police
55153038,28/06/2026,15:44,Dubai,R,72377,Entering yellow box junction,Hessa Street,500,0,Dubai Police / RTA
55164364,04/08/2026,18:44,Dubai,BB,48802,Using mobile phone while driving,Al Wasl Road,800,4,Dubai Police / RTA
55173914,26/09/2026,15:56,Abu Dhabi,12,21561,Using mobile phone while driving,Mussafah Road,800,4,Abu Dhabi Police
55184281,30/06/2026,09:25,Dubai,BB,28808,Using mobile phone while driving,Al Wasl Road,800,4,Dubai Police / RTA
55204089,10/07/2026,09:32,Dubai,F,15560,Exceeding the maximum speed limit by not more than 20 km/h,Umm Suqeim Street,300,0,Dubai Police / RTA
55220822,30/07/2026,20:04,Dubai,BB,35042,Using mobile phone while driving,Umm Suqeim Street,800,4,Dubai Police / RTA
55234087,07/07/2026,19:35,Dubai,S,37630,Driver not wearing seatbelt,Hessa Street,400,4,Dubai Police / RTA
55239956,21/09/2026,15:42,Dubai,G,50478,Driving on hard shoulder,Emirates Road,1000,6,Dubai Police / RTA
55251403,15/08/2026,17:22,Dubai,D,14272,Not keeping a safe distance,Mussafah Road,400,4,Abu Dhabi Police
55256264,07/07/2026,06:56,Dubai,N,92450,Sudden swerving,Hessa Street,1000,4,Dubai Police / RTA
55268431,06/09/2026,16:30,Abu Dhabi,7,34275,Driver not wearing seatbelt,Mussafah Road,400,4,Abu Dhabi Police
55271181,17/08/2026,12:26,Dubai,B,11425,Exceeding the maximum speed limit by more than 30 km/h,Emirates Road,1000,0,Dubai Police / RTA
55276000,10/09/2026,08:37,Dubai,F,15560,Exceeding the maximum speed limit by more than 30 km/h,Emirates Road,1000,0,Dubai Police / RTA
55281561,13/09/2026,16:42,Dubai,H,63661,Driver not wearing seatbelt,Sheikh Khalifa Bin Zayed Street,400,4,Abu Dhabi Police
55297668,18/09/2026,16:54,Dubai,D,99416,Not keeping a safe distance,Al Wasl Road,400,4,Dubai Police / RTA
55317107,04/07/2026,17:13,Dubai,D,14272,Not keeping a safe distance,Al Wasl Road,400,4,Dubai Police / RTA
55320743,28/08/2026,14:54,Dubai,BB,48802,Using mobile phone while driving,Umm Suqeim Street,800,4,Dubai Police / RTA
55337747,21/08/2026,23:41,Abu Dhabi,11,61476,Jumping a red light,Mussafah Road,1000,12,Abu Dhabi Police
55354043,11/09/2026,11:05,Abu Dhabi,11,61476,Exceeding the maximum speed limit by more than 30 km/h,Al Khaleej Al Arabi Street,1000,0,Abu Dhabi Police
55364077,30/08/2026,08:38,Abu Dhabi,7,44006,Driver not wearing seatbelt,Al Khaleej Al Arabi Street,400,4,Abu Dhabi Police
55365208,06/09/2026,10:49,Sharjah,1,86895,Entering yellow box junction,Hessa Street,500,0,Dubai Police / RTA
55375473,26/08/2026,17:27,Dubai,D,14272,Exceeding the maximum speed limit by more than 30 km/h,Al Ittihad Road,1000,0,Dubai Police / RTA
55382573,25/09/2026,17:48,Dubai,K,21825,Sudden swerving,Hessa Street,1000,4,Dubai Police / RTA
55390794,08/08/2026,17:14,Dubai,G,34793,Exceeding the maximum speed limit by more than 40 km/h,Al Wasl Road,1500,6,Dubai Police / RTA
55408140,12/09/2026,07:01,Abu Dhabi,5,33211,Driver not wearing seatbelt,Abu Dhabi-Al Ain Road,400,4,Abu Dhabi Police
55419425,04/07/2026,09:07,Dubai,D,14272,Using mobile phone while driving,Sheikh Zayed Road,800,4,Dubai Police / RTA
55432072,21/08/2026,07:16,Abu Dhabi,11,61476,Sudden swerving,Abu Dhabi-Al Ain Road,1000,4,Abu Dhabi Police
55446909,20/09/2026,19:06,Abu Dhabi,7,34275,Exceeding the maximum speed limit by not more than 20 km/h,Sheikh Khalifa Bin Zayed Street,300,0,Abu Dhabi Police
55462997,12/07/2026,08:51,Dubai,H,63661,Exceeding the maximum speed limit by not more than 20 km/h,Hessa Street,300,0,Dubai Police / RTA
55474277,14/09/2026,21:01,Ajman,D,6300,Jumping a red light,Abu Dhabi-Al Ain Road,1000,12,Abu Dhabi Police
55483000,18/08/2026,13:00,Ajman,C,67989,Driving on hard shoulder,Al Wasl Road,1000,6,Dubai Police / RTA
55501836,20/08/2026,12:14,Dubai,R,72972,Exceeding the maximum speed limit by more than 30 km/h,Hessa Street,1000,0,Dubai Police / RTA
55514289,28/06/2026,19:03,Dubai,S,37630,Driver not wearing seatbelt,Al Ittihad Road,400,4,Dubai Police / RTA
55534006,09/07/2026,16:48,Sharjah,3,22019,Jumping a red light,Mussafah Road,1000,12,Abu Dhabi Police
55537369,18/09/2026,19:51,Dubai,A,14625,Exceeding the maximum speed limit by not more than 20 km/h,Al Ittihad Road,300,0,Dubai Police / RTA
55543017,29/08/2026,12:17,Abu Dhabi,11,61476,Using mobile phone while driving,Sheikh Khalifa Bin Zayed Street,800,4,Abu Dhabi Police
55548429,11/09/2026,21:52,Dubai,N,50346,Exceeding the maximum speed limit by more than 30 km/h,Al Khaleej Al Arabi Street,1000,0,Abu Dhabi Police
55558529,30/08/2026,11:44,Dubai,AA,14608,Exceeding the maximum speed limit by not more than 20 km/h,Hessa Street,300,0,Dubai Police / RTA
55567266,19/07/2026,15:49,Dubai,T,91429,Exceeding the maximum speed limit by more than 30 km/h,Sheikh Zayed Road,1000,0,Dubai Police / RTA
55575822,30/07/2026,08:32,Dubai,C,68919,Exceeding the maximum speed limit by not more than 20 km/h,Emirates Road,300,0,Dubai Police / RTA
55593676,30/08/2026,16:01,Dubai,F,15560,Not keeping a safe distance,Sheikh Mohammed Bin Zayed Road,400,4,Dubai Police / RTA
55598446,01/08/2026,11:32,Abu Dhabi,14,22868,Exceeding the maximum speed limit by not more than 20 km/h,Sheikh Khalifa Bin Zayed Street,300,0,Abu Dhabi Police
55604639,05/09/2026,07:06,Abu Dhabi,14,22868,Jumping a red light,Mussafah Road,1000,12,Abu Dhabi Police
55619682,24/08/2026,09:51,Dubai,A,76368,Exceeding the maximum speed limit by not more than 20 km/h,Sheikh Mohammed Bin Zayed Road,300,0,Dubai Police / RTA
55633130,23/08/2026,18:49,Dubai,BB,28808,Entering yellow box junction,Al Ittihad Road,500,0,Dubai Police / RTA
55634289,19/07/2026,07:11,Dubai,T,91429,Exceeding the maximum speed limit by more than 40 km/h,Al Wasl Road,1500,6,Dubai Police / RTA
55644422,16/09/2026,21:03,Dubai,K,21825,Exceeding the maximum speed limit by not more than 20 km/h,Sheikh Mohammed Bin Zayed Road,300,0,Dubai Police / RTA
55654554,15/08/2026,15:49,Dubai,N,50346,Exceeding the maximum speed limit by not more than 20 km/h,Umm Suqeim Street,300,0,Dubai Police / RTA
55656813,09/08/2026,17:08,Dubai,D,14272,Exceeding the maximum speed limit by more than 30 km/h,Sheikh Khalifa Bin Zayed Street,1000,0,Abu Dhabi Police
55658469,03/07/2026,06:59,Dubai,D,14272,Exceeding the maximum speed limit by more than 30 km/h,Al Wasl Road,1000,0,Dubai Police / RTA
55670605,17/09/2026,18:20,Ajman,C,67989,Not keeping a safe distance,Al Ittihad Road,400,4,Dubai Police / RTA
55678856,24/09/2026,20:12,Dubai,N,92450,Not keeping a safe distance,Al Wasl Road,400,4,Dubai Police / RTA
55687924,16/07/2026,06:00,Abu Dhabi,7,44006,Exceeding the maximum speed limit by more than 30 km/h,Sheikh Khalifa Bin Zayed Street,1000,0,Abu Dhabi Police
55699449,18/07/2026,08:13,Dubai,G,50478,Sudden swerving,Sheikh Zayed Road,1000,4,Dubai Police / RTA
55718878,21/09/2026,15:45,Dubai,R,72377,Entering yellow box junction,Umm Suqeim Street,500,0,Dubai Police / RTA
55738166,21/09/2026,15:42,Dubai,G,19078,Exceeding the maximum speed limit by more than 30 km/h,Hessa Street,1000,0,Dubai Police / RTA
55742041,28/06/2026,06:21,Dubai,BB,28808,Exceeding the maximum speed limit by not more than 20 km/h,Sheikh Zayed Road,300,0,Dubai Police / RTA
55751164,29/08/2026,18:24,Sharjah,3,21632,Exceeding the maximum speed limit by not more than 20 km/h,Al Ittihad Road,300,0,Dubai Police / RTA
55761184,12/08/2026,15:31,Dubai,R,72377,Using mobile phone while driving,Al Khail Road,800,4,Dubai Police / RTA
55769978,20/08/2026,22:13,Dubai,L,82812,Exceeding the maximum speed limit by not more than 20 km/h,Hessa Street,300,0,Dubai Police / RTA
55785300,23/09/2026,17:15,Dubai,P,89819,Exceeding the maximum speed limit by not more than 20 km/h,Umm Suqeim Street,300,0,Dubai Police / RTA
55789550,07/07/2026,10:09,Abu Dhabi,5,33211,Not keeping a safe distance,Al Khaleej Al Arabi Street,400,4,Abu Dhabi Police
55802500,28/06/2026,15:56,Dubai,BB,28808,Not keeping a safe distance,Emirates Road,400,4,Dubai Police / RTA
55810845,25/07/2026,22:43,Abu Dhabi,5,33211,Exceeding the maximum speed limit by not more than 20 km/h,Mussafah Road,300,0,Abu Dhabi Police
55822233,29/06/2026,08:27,Dubai,H,63661,Not keeping a safe distance,Sheikh Zayed Road,400,4,Dubai Police / RTA
55828868,23/09/2026,15:17,Dubai,L,82812,Exceeding the maximum speed limit by not more than 20 km/h,Al Ittihad Road,300,0,Dubai Police / RTA
55834515,25/08/2026,10:04,Dubai,F,68112,Exceeding the maximum speed limit by not more than 20 km/h,Al Ittihad Road,300,0,Dubai Police / RTA
55853160,08/08/2026,07:15,Abu Dhabi,14,91350,Exceeding the maximum speed limit by not more than 20 km/h,Al Khaleej Al Arabi Street,300,0,Abu Dhabi Police
55871256,31/07/2026,09:25,Abu Dhabi,14,91350,Entering yellow box junction,Sheikh Khalifa Bin Zayed Street,500,0,Abu Dhabi Police
55878382,04/09/2026,08:28,Dubai,R,64955,Entering yellow box junction,Al Wasl Road,500,0,Dubai Police / RTA
55887016,02/08/2026,16:31,Dubai,L,82812,Using mobile phone while driving,Hessa Street,800,4,Dubai Police / RTA
55887991,29/07/2026,08:04,Dubai,AA,14608,Exceeding the maximum speed limit by not more than 20 km/h,Mussafah Road,300,0,Abu Dhabi Police
55906458,15/08/2026,20:59,Dubai,L,82812,Driver not wearing seatbelt,Sheikh Zayed Road,400,4,Dubai Police / RTA
55918629,23/09/2026,12:09,Dubai,AA,52508,Exceeding the maximum speed limit by not more than 20 km/h,Al Wasl Road,300,0,Dubai Police / RTA
55919836,31/08/2026,10:21,Sharjah,3,45560,Sudden swerving,Sheikh Zayed Road,1000,4,Dubai Police / RTA
55923750,07/07/2026,15:59,Ajman,C,67989,Using mobile phone while driving,Umm Suqeim Street,800,4,Dubai Police / RTA
55926795,07/08/2026,14:55,Dubai,T,21698,Exceeding the maximum speed limit by not more than 20 km/h,Al Wasl Road,300,0,Dubai Police / RTA
55944802,26/07/2026,21:55,Dubai,D,99416,Exceeding the maximum speed limit by more than 30 km/h,Al Wasl Road,1000,0,Dubai Police / RTA
55945052,06/08/2026,17:21,Dubai,D,99416,Exceeding the maximum speed limit by not more than 20 km/h,Al Khail Road,300,0,Dubai Police / RTA
55960958,07/07/2026,12:31,Dubai,R,64955,Driver not wearing seatbelt,Sheikh Zayed Road,400,4,Dubai Police / RTA
55961093,14/07/2026,06:39,Dubai,R,72377,Exceeding the maximum speed limit by more than 40 km/h,Sheikh Zayed Road,1500,6,Dubai Police / RTA
55973463,30/06/2026,18:46,Dubai,S,87283,Entering yellow box junction,Sheikh Zayed Road,500,0,Dubai Police / RTA
55981457,26/09/2026,13:00,Dubai,P,90960,Exceeding the maximum speed limit by more than 30 km/h,Al Wasl Road,1000,0,Dubai Police / RTA
55987065,05/07/2026,22:51,Dubai,S,87283,Driving on hard shoulder,Sheikh Mohammed Bin Zayed Road,1000,6,Dubai Police / RTA
56001711,24/09/2026,21:25,Dubai,M,83970,Sudden swerving,Al Khail Road,1000,4,Dubai Police / RTA
56004520,13/08/2026,15:11,Dubai,H,63661,Exceeding the maximum speed limit by not more than 20 km/h,Al Ittihad Road,300,0,Dubai Police / RTA
56015230,01/07/2026,07:15,Dubai,G,34793,Exceeding the maximum speed limit by not more than 20 km/h,Al Khail Road,300,0,Dubai Police / RTA
56016696,05/07/2026,17:06,Dubai,L,82812,Not keeping a safe distance,Mussafah Road,400,4,Abu Dhabi Police
56017417,04/07/2026,22:48,Abu Dhabi,7,34275,Not keeping a safe distance,Abu Dhabi-Al Ain Road,400,4,Abu Dhabi Police
56018249,24/07/2026,16:00,Sharjah,3,21632,Exceeding the maximum speed limit by not more than 20 km/h,Al Wasl Road,300,0,Dubai Police / RTA
56026080,05/08/2026,19:28,Dubai,C,25375,Sudden swerving,Mussafah Road,1000,4,Abu Dhabi Police
56045800,27/08/2026,07:57,Abu Dhabi,11,61476,Exceeding the maximum speed limit by not more than 20 km/h,Abu Dhabi-Al Ain Road,300,0,Abu Dhabi Police
56060103,19/07/2026,19:59,Dubai,BB,35042,Exceeding the maximum speed limit by not more than 20 km/h,Umm Suqeim Street,300,0,Dubai Police / RTA
56062158,06/07/2026,08:07,Dubai,CC,90117,Exceeding the maximum speed limit by not more than 20 km/h,Sheikh Zayed Road,300,0,Dubai Police / RTA
56071901,28/06/2026,10:48,Dubai,B,11425,Entering yellow box junction,Umm Suqeim Street,500,0,Dubai Police / RTA
56075507,20/08/2026,13:09,Ajman,C,67989,Not keeping a safe distance,Emirates Road,400,4,Dubai Police / RTA
56092223,26/07/2026,13:59,Dubai,N,92450,Exceeding the maximum speed limit by not more than 20 km/h,Sheikh Zayed Road,300,0,Dubai Police / RTA
56107026,21/08/2026,22:09,Ajman,C,67989,Not keeping a safe distance,Al Wasl Road,400,4,Dubai Police / RTA
56117731,16/07/2026,10:38,Dubai,G,19078,Exceeding the maximum speed limit by not more than 20 km/h,Al Khail Road,300,0,Dubai Police / RTA
