Ticket No,Issue Date,Plate,Zone,Reason,Amount
PK910164,25/09/2026 09:25,DXB H 63661,Zone 214 - Deira Al Rigga,Exceeding the parking duration,100.00
PK910442,18/09/2026 09:51,DXB A 76368,Zone 214 - Deira Al Rigga,Failure to display a valid parking ticket,150.00
PK910559,27/07/2026 13:13,DXB N 92450,Zone 337 - JLT,Exceeding the parking duration,100.00
PK910611,25/08/2026 10:18,DXB BB 28808,Zone 337 - JLT,Exceeding the parking duration,100.00
PK910862,20/07/2026 13:41,SHJ 3 21632,Zone 612 - Business Bay,Failure to display a valid parking ticket,150.00
PK910994,01/07/2026 08:32,DXB S 87283,Zone 365 - Dubai Marina,Exceeding the parking duration,100.00
PK911001,25/07/2026 09:17,AUH 6 13366,Zone 612 - Business Bay,Exceeding the parking duration,100.00
PK911105,25/09/2026 08:28,SHJ 3 22019,Zone 214 - Deira Al Rigga,Parking in a place not designated for parking,200.00
PK911335,16/07/2026 12:23,AUH 5 33211,Zone 337 - JLT,Exceeding the parking duration,100.00
PK911342,25/07/2026 17:10,DXB R 64955,Zone 612 - Business Bay,Failure to display a valid parking ticket,150.00
PK911425,02/09/2026 21:49,AUH 7 44006,Zone 214 - Deira Al Rigga,Parking in a place not designated for parking,200.00
PK911623,16/07/2026 18:27,DXB H 63661,Zone 128 - Bur Dubai,Parking in a place not designated for parking,200.00
PK911701,02/09/2026 09:00,DXB G 19078,Zone 365 - Dubai Marina,Failure to display a valid parking ticket,150.00
PK911745,18/07/2026 09:35,AUH 11 61476,Zone 337 - JLT,Failure to display a valid parking ticket,150.00
PK911932,25/09/2026 08:16,DXB BB 48802,Zone 337 - JLT,Exceeding the parking duration,100.00
PK911981,14/09/2026 09:10,DXB A 76368,Zone 337 - JLT,Failure to display a valid parking ticket,150.00
PK912153,27/08/2026 17:32,AUH 7 44006,Zone 214 - Deira Al Rigga,Parking in a place not designated for parking,200.00
PK912283,24/07/2026 09:15,DXB N 92450,Zone 214 - Deira Al Rigga,Exceeding the parking duration,100.00
PK912384,24/07/2026 16:20,AJM D 6300,Zone 318C - Al Barsha 1,Failure to display a valid parking ticket,150.00
PK912628,31/08/2026 17:18,DXB F 68112,Zone 128 - Bur Dubai,Parking in a place not designated for parking,200.00
PK912901,22/08/2026 17:35,DXB G 36369,Zone 318C - Al Barsha 1,Parking in a place not designated for parking,200.00
PK912913,14/07/2026 18:22,DXB R 72972,Zone 337 - JLT,Failure to display a valid parking ticket,150.00
PK912927,04/08/2026 10:39,DXB BB 28808,Zone 128 - Bur Dubai,Failure to display a valid parking ticket,150.00
PK913091,21/09/2026 16:45,DXB T 91429,Zone 128 - Bur Dubai,Failure to display a valid parking ticket,150.00
PK913384,25/07/2026 17:28,DXB R 72972,Zone 612 - Business Bay,Failure to display a valid parking ticket,150.00
PK913667,03/07/2026 15:33,DXB G 36369,Zone 318C - Al Barsha 1,Exceeding the parking duration,100.00
PK913950,25/09/2026 19:34,DXB G 36369,Zone 337 - JLT,Exceeding the parking duration,100.00
PK914046,22/09/2026 18:51,DXB R 72972,Zone 318C - Al Barsha 1,Parking in a place not designated for parking,200.00
PK914074,17/08/2026 11:31,DXB BB 28808,Zone 128 - Bur Dubai,Failure to display a valid parking ticket,150.00
PK914333,26/09/2026 14:54,DXB H 63661,Zone 365 - Dubai Marina,Parking in a place not designated for parking,200.00
PK914415,19/09/2026 11:20,DXB H 63661,Zone 612 - Business Bay,Failure to display a valid parking ticket,150.00
PK914711,25/09/2026 17:45,DXB BB 28808,Zone 318C - Al Barsha 1,Exceeding the parking duration,100.00
PK914750,24/07/2026 18:03,AJM D 6300,Zone 318C - Al Barsha 1,Exceeding the parking duration,100.00
PK914758,16/09/2026 10:04,DXB S 87283,Zone 337 - JLT,Exceeding the parking duration,100.00
